{
  "N1C1p": 4.347016196304808e-05, 
  "N2C1p": 5.626510548727193e-05, 
  "C1mN1_unc": 3.743027727408784e-06, 
  "ChiChi_unc": 1.6396790826442337e-05, 
  "N2C1p_unc": 9.559201650563158e-06, 
  "N1C1p_unc": 7.36260431263958e-06, 
  "N1N2": 2.792123203555906e-05, 
  "precision": "nll", 
  "C1mC1p": 4.246501717748377e-05, 
  "ChiChi": 0.00020218789118958713, 
  "C1mN2": 1.8093137423291033e-05, 
  "C1mN1": 1.3973237102933241e-05, 
  "units": "pb", 
  "C1mC1p_unc": 7.889447422096207e-06, 
  "C1mN2_unc": 4.86625077061511e-06, 
  "N1N2_unc": 4.830573173940295e-06
}