{
  "N1C1p": 0.00046310109902756864, 
  "N2C1p": 0.0005970035716563046, 
  "C1mN1_unc": 3.0230170613595477e-05, 
  "ChiChi_unc": 0.0001389299765419933, 
  "N2C1p_unc": 8.368200123247329e-05, 
  "N1C1p_unc": 6.473234120945551e-05, 
  "N1N2": 0.00029960479498533323, 
  "precision": "nll", 
  "C1mC1p": 0.000433947694287221, 
  "ChiChi": 0.0021500250486780133, 
  "C1mN2": 0.00020054397298754806, 
  "C1mN1": 0.00015582391573403794, 
  "units": "pb", 
  "C1mC1p_unc": 6.264951249916533e-05, 
  "C1mN2_unc": 3.905301949830685e-05, 
  "N1N2_unc": 4.176867354351195e-05
}