{
  "N1C1p": 0.0251356714529601, 
  "N2C1p": 0.03158300502698381, 
  "C1mN1_unc": 0.0013759123586810683, 
  "ChiChi_unc": 0.005137361676713036, 
  "N2C1p_unc": 0.0027928463605114157, 
  "N1C1p_unc": 0.0022044046746285007, 
  "N1N2": 0.019120160972064017, 
  "precision": "nll", 
  "C1mC1p": 0.025843588395361276, 
  "ChiChi": 0.1276904570312714, 
  "C1mN2": 0.014448624979299015, 
  "C1mN1": 0.011559406204603193, 
  "units": "pb", 
  "C1mC1p_unc": 0.0024112656344456133, 
  "C1mN2_unc": 0.0017311320357456927, 
  "N1N2_unc": 0.0017403848225605745
}