{
  "N1C1p": 0.535886180977645, 
  "N2C1p": 0.6327327114013463, 
  "C1mN1_unc": 0.027614200741538447, 
  "ChiChi_unc": 0.08373686821629267, 
  "N2C1p_unc": 0.03957254951992967, 
  "N1C1p_unc": 0.03324094525110244, 
  "N1N2": 0.4658724437070476, 
  "precision": "nll", 
  "C1mC1p": 0.558708998684207, 
  "ChiChi": 2.866545934263369, 
  "C1mN2": 0.36328217800713997, 
  "C1mN1": 0.31006342148598287, 
  "units": "pb", 
  "C1mC1p_unc": 0.039292840794598494, 
  "C1mN2_unc": 0.03264093797078077, 
  "N1N2_unc": 0.03112898536834577
}