{
  "N1C1p": 0.00013672071875604958, 
  "N2C1p": 0.00017671470790216843, 
  "C1mN1_unc": 1.0047857637641176e-05, 
  "ChiChi_unc": 4.5722036264923424e-05, 
  "N2C1p_unc": 2.7297515228212423e-05, 
  "N1C1p_unc": 2.1063070063230362e-05, 
  "N1N2": 8.695570180170599e-05, 
  "precision": "nll", 
  "C1mC1p": 0.0001288720884736847, 
  "ChiChi": 0.0006302566691195913, 
  "C1mN2": 5.6924998936042214e-05, 
  "C1mN1": 4.406845324994035e-05, 
  "units": "pb", 
  "C1mC1p_unc": 2.114334060051546e-05, 
  "C1mN2_unc": 1.3037671378364542e-05, 
  "N1N2_unc": 1.3554193899380268e-05
}