{
  "N1C1p": 0.001799162781667221, 
  "N2C1p": 0.002307697942214532, 
  "C1mN1_unc": 0.0001076133888137806, 
  "ChiChi_unc": 0.00047772603129035777, 
  "N2C1p_unc": 0.0002838489054700062, 
  "N1C1p_unc": 0.00022036076509880014, 
  "N1N2": 0.001216590551949387, 
  "precision": "nll", 
  "C1mC1p": 0.001723940754219844, 
  "ChiChi": 0.00855403419834054, 
  "C1mN2": 0.000845461699583638, 
  "C1mN1": 0.0006611804687059199, 
  "units": "pb", 
  "C1mC1p_unc": 0.0002154575980834484, 
  "C1mN2_unc": 0.00013835606601549826, 
  "N1N2_unc": 0.00014814882386919971
}