{
  "N1C1p": 0.08887516183356915, 
  "N2C1p": 0.1096369314426821, 
  "C1mN1_unc": 0.004720925196651005, 
  "ChiChi_unc": 0.01602415954028378, 
  "N2C1p_unc": 0.008204065669800566, 
  "N1C1p_unc": 0.006576203394444258, 
  "N1N2": 0.0715498761874899, 
  "precision": "nll", 
  "C1mC1p": 0.09335804504292108, 
  "ChiChi": 0.4643732127483372, 
  "C1mN2": 0.05560377132910904, 
  "C1mN1": 0.04534942691256595, 
  "units": "pb", 
  "C1mC1p_unc": 0.007613150631802075, 
  "C1mN2_unc": 0.005837098421605749, 
  "N1N2_unc": 0.005648152718772066
}