{
  "N1C1p": 0.000892178536828735, 
  "N2C1p": 0.001147690588695819, 
  "C1mN1_unc": 5.557673839913689e-05, 
  "ChiChi_unc": 0.0002527547377751106, 
  "N2C1p_unc": 0.00015169767184144381, 
  "N1C1p_unc": 0.00011748768721051635, 
  "N1N2": 0.000588000919374863, 
  "precision": "nll", 
  "C1mC1p": 0.0008423519072742896, 
  "ChiChi": 0.0041822007841876745, 
  "C1mN2": 0.000400167197595439, 
  "C1mN1": 0.00031181163441852894, 
  "units": "pb", 
  "C1mC1p_unc": 0.00011366431470076569, 
  "C1mN2_unc": 7.168902582928183e-05, 
  "N1N2_unc": 7.695291071650365e-05
}