{
  "N1C1p": 0.0002486041073466551, 
  "N2C1p": 0.0003209661907209977, 
  "C1mN1_unc": 1.711943171354925e-05, 
  "ChiChi_unc": 7.86702431473372e-05, 
  "N2C1p_unc": 4.72815519787276e-05, 
  "N1C1p_unc": 3.653195486638883e-05, 
  "N1N2": 0.000158876072449503, 
  "precision": "nll", 
  "C1mC1p": 0.0002326948460176621, 
  "ChiChi": 0.0011475549827039038, 
  "C1mN2": 0.00010499927661808972, 
  "C1mN1": 8.141448955099621e-05, 
  "units": "pb", 
  "C1mC1p_unc": 3.583983152197238e-05, 
  "C1mN2_unc": 2.2172781819811687e-05, 
  "N1N2_unc": 2.344520321167965e-05
}