{
  "N1C1p": 0.00916500887095661, 
  "N2C1p": 0.011632755769774085, 
  "C1mN1_unc": 0.0005164380487599619, 
  "ChiChi_unc": 0.0020793690009932985, 
  "N2C1p_unc": 0.0011779403659582435, 
  "N1C1p_unc": 0.000921867256079574, 
  "N1N2": 0.0066538742053600854, 
  "precision": "nll", 
  "C1mC1p": 0.009180470560128669, 
  "ChiChi": 0.04536852172174861, 
  "C1mN2": 0.0048771734982507725, 
  "C1mN1": 0.0038592388172783896, 
  "units": "pb", 
  "C1mC1p_unc": 0.000961516346459918, 
  "C1mN2_unc": 0.0006570922406478994, 
  "N1N2_unc": 0.0006807352960366037
}