{
  "N1C1p": 1.450699051128156e-05, 
  "N2C1p": 1.879382706500594e-05, 
  "C1mN1_unc": 1.4618514083412078e-06, 
  "ChiChi_unc": 6.425134103003116e-06, 
  "N2C1p_unc": 3.738412117194153e-06, 
  "N1C1p_unc": 2.859959273520027e-06, 
  "N1N2": 9.587440467935771e-06, 
  "precision": "nll", 
  "C1mC1p": 1.4996804513602096e-05, 
  "ChiChi": 6.878523029822977e-05, 
  "C1mN2": 6.154544696505477e-06, 
  "C1mN1": 4.745623043898927e-06, 
  "units": "pb", 
  "C1mC1p_unc": 3.157740288748817e-06, 
  "C1mN2_unc": 1.9033611861506574e-06, 
  "N1N2_unc": 1.842861622910117e-06
}