{
  "N1C1p": 0.0038724233298912582, 
  "N2C1p": 0.004945835112669093, 
  "C1mN1_unc": 0.0002245163424588446, 
  "ChiChi_unc": 0.0009562921867842583, 
  "N2C1p_unc": 0.000557617946753828, 
  "N1C1p_unc": 0.00043428909812712603, 
  "N1N2": 0.0027043692173453334, 
  "precision": "nll", 
  "C1mC1p": 0.0037861337264515063, 
  "ChiChi": 0.01874832634936856, 
  "C1mN2": 0.0019260163505572998, 
  "C1mN1": 0.001513548612454071, 
  "units": "pb", 
  "C1mC1p_unc": 0.00043537105555936976, 
  "C1mN2_unc": 0.0002872896580976182, 
  "N1N2_unc": 0.00030407081331618765
}